url;referentienummer;identifier
https://nl.wikipedia.org/wiki/Pieter_De_Bruyne;DMG-A-00001;Q14101030
https://nl.wikipedia.org/wiki/Frank_Steyaert;DMG-A-00005;Q15875351
https://nl.wikipedia.org/wiki/Ria_Bosman;DMG-A-00006;Q97774077
https://nl.wikipedia.org/wiki/Arabia_(merk);DMG-A-00007;Q623846
https://nl.wikipedia.org/wiki/Yvette_Lauwaert;DMG-A-00019;Q52603550
https://nl.wikipedia.org/wiki/Ren%C3%A9_Lalique;DMG-A-00023;Q451400
https://nl.wikipedia.org/wiki/Carmen_Dionyse;DMG-A-00028;Q22235955
https://nl.wikipedia.org/wiki/Ahrend;DMG-A-00030;Q2343811
https://nl.wikipedia.org/wiki/Achiel_Pauwels;DMG-A-00031;Q22237198
https://nl.wikipedia.org/wiki/Glasfabriek_Leerdam;DMG-A-00033;Q2663996
https://nl.wikipedia.org/wiki/Joris_Minne;DMG-A-00034;Q2524332
https://nl.wikipedia.org/wiki/Piet_Stockmans;DMG-A-00036;Q2954774
https://nl.wikipedia.org/wiki/Union_Cotonni%C3%A8re;DMG-A-00037;Q19915295
https://nl.wikipedia.org/wiki/Koninklijke_Mosa;DMG-A-00041;Q2250620
https://nl.wikipedia.org/wiki/Tjok_Dessauvage;DMG-A-00052;Q22235920
https://nl.wikipedia.org/wiki/Siegfried_De_Buck;DMG-A-00053;Q2164514
https://nl.wikipedia.org/wiki/Willy_Van_Der_Meeren;DMG-A-00055;Q2299826
https://nl.wikipedia.org/wiki/Fabrique_Nationale_de_Herstal;DMG-A-00057;Q747353
https://nl.wikipedia.org/wiki/Leica;DMG-A-00103;Q161833
https://nl.wikipedia.org/wiki/Nedda_El-Asmar;DMG-A-00105;Q514988
https://nl.wikipedia.org/wiki/Dirk_Wynants;DMG-A-00116;Q2789655
https://nl.wikipedia.org/wiki/Lut_Lenoir;DMG-A-00126;Q21638003
https://nl.wikipedia.org/wiki/Gustave_Serrurier-Bovy;DMG-A-00133;Q730882
https://nl.wikipedia.org/wiki/Jules_Wabbes;DMG-A-00135;Q2792172
https://nl.wikipedia.org/wiki/Hans_Hollein;DMG-A-00136;Q78884
https://nl.wikipedia.org/wiki/Alessandro_Mendini;DMG-A-00137;Q772733
https://nl.wikipedia.org/wiki/Manufacture_nationale_de_S%C3%A8vres;DMG-A-00139;Q653307
https://nl.wikipedia.org/wiki/Huib_Hoste;DMG-A-00140;Q1054265
https://nl.wikipedia.org/wiki/Paul_Hankar;DMG-A-00142;Q1075644
https://nl.wikipedia.org/wiki/Jan_van_der_Vaart;DMG-A-00150;Q2924183
https://nl.wikipedia.org/wiki/Walter_Gropius;DMG-A-00152;Q61071
https://nl.wikipedia.org/wiki/Eduardo_Paolozzi;DMG-A-00159;Q165397
https://nl.wikipedia.org/wiki/Michael_Graves;DMG-A-00161;Q314636
https://nl.wikipedia.org/wiki/Maria_Irena_Wierusz-Kowalska;DMG-A-00165;Q3515533
https://nl.wikipedia.org/wiki/Artifort;DMG-A-00170;Q28758291
https://nl.wikipedia.org/wiki/Alfred_Ost;DMG-A-00182;Q2062015
https://nl.wikipedia.org/wiki/Raymond_Loewy;DMG-A-00201;Q435509
https://nl.wikipedia.org/wiki/Ettore_Sottsass;DMG-A-00203;Q78885
https://nl.wikipedia.org/wiki/Michele_de_Lucchi;DMG-A-00204;Q463458
https://nl.wikipedia.org/wiki/Floris_Meydam;DMG-A-00212;Q2312612
https://nl.wikipedia.org/wiki/Le_Corbusier;DMG-A-00216;Q4724
https://nl.wikipedia.org/wiki/Jan_Eisenloeffel;DMG-A-00218;Q2277432
https://nl.wikipedia.org/wiki/Carel_Begeer;DMG-A-00223;Q2791537
https://nl.wikipedia.org/wiki/Christa_Ehrlich;DMG-A-00225;Q15943236
https://nl.wikipedia.org/wiki/Kaj_Franck;DMG-A-00234;Q909809
https://nl.wikipedia.org/wiki/Ulla_Procop%C3%A9;DMG-A-00236;Q455397
https://nl.wikipedia.org/wiki/Koninklijke_Van_Kempen_%26_Begeer;DMG-A-00259;Q13745166
https://nl.wikipedia.org/wiki/Harm_Ellens;DMG-A-00264;Q2237013
https://nl.wikipedia.org/wiki/Jan_Boon_(kunstenaar_1882_-_1975);DMG-A-00284;Q1890202
https://nl.wikipedia.org/wiki/Georg_Jensen;DMG-A-00301;Q288218
https://nl.wikipedia.org/wiki/Philippe_Wolfers;DMG-A-00311;Q2057733
https://nl.wikipedia.org/wiki/Antoine_Pompe;DMG-A-00315;Q1863470
https://nl.wikipedia.org/wiki/Albert_Van_huffel;DMG-A-00320;Q2536600
https://nl.wikipedia.org/wiki/Arne_Jacobsen;DMG-A-00321;Q273572
https://nl.wikipedia.org/wiki/Victor_Servranckx;DMG-A-00324;Q3062914
https://nl.wikipedia.org/wiki/Josef_Hoffmann;DMG-A-00329;Q84250
https://nl.wikipedia.org/wiki/Villeroy_%26_Boch;DMG-A-00332;Q705042
https://nl.wikipedia.org/wiki/Carlo_Scarpa;DMG-A-00333;Q51137
https://nl.wikipedia.org/wiki/Guy_Rombouts;DMG-A-00349;Q2411876
https://nl.wikipedia.org/wiki/Walter_Crane;DMG-A-00361;Q660917
https://nl.wikipedia.org/wiki/Victor_Horta;DMG-A-00372;Q49744
https://nl.wikipedia.org/wiki/Andries_Copier;DMG-A-00421;Q510467
https://nl.wikipedia.org/wiki/Jules_Boulez;DMG-A-00427;Q5130006
https://nl.wikipedia.org/wiki/F%C3%A9lix_De_Vigne;DMG-A-00433;Q2749909
https://nl.wikipedia.org/wiki/Hendrik_Bary;DMG-A-00443;Q2553403
https://nl.wikipedia.org/wiki/Victor_Rousseau;DMG-A-00445;Q3176270
https://nl.wikipedia.org/wiki/Edmond_Van_der_Haeghen;DMG-A-00446;Q2378998
https://nl.wikipedia.org/wiki/%C3%89mile_Gall%C3%A9;DMG-A-00449;Q275085
https://nl.wikipedia.org/wiki/Jean_Delvin;DMG-A-00450;Q2499246
https://nl.wikipedia.org/wiki/Louis_Majorelle;DMG-A-00452;Q2537308
https://nl.wikipedia.org/wiki/Adolphe_Pauli;DMG-A-00462;Q17488132
https://nl.wikipedia.org/wiki/Peter_Paul_Rubens;DMG-A-00469;Q5599
https://nl.wikipedia.org/wiki/Cornelis_Pronk;DMG-A-00478;Q2726659
https://nl.wikipedia.org/wiki/Louis_L%C3%A9opold_Boilly;DMG-A-00487;Q715909
https://nl.wikipedia.org/wiki/Jan-Frans_Eliaerts;DMG-A-00498;Q4776112
https://nl.wikipedia.org/wiki/Armand_Heins;DMG-A-00500;Q16801281
https://nl.wikipedia.org/wiki/Jules_Pierre_Van_Biesbroeck;DMG-A-00502;Q1711749
https://nl.wikipedia.org/wiki/Laurent_Delvaux;DMG-A-00519;Q510315
https://nl.wikipedia.org/wiki/Kai_Nielsen_(beeldhouwer);DMG-A-00527;Q3543184
https://nl.wikipedia.org/wiki/Domien_Ingels;DMG-A-00549;Q2047896
https://nl.wikipedia.org/wiki/Clara_Voortman-Dobbelaere;DMG-A-00570;Q21695363
https://nl.wikipedia.org/wiki/Charles_Catteau;DMG-A-00580;Q2958692
https://nl.wikipedia.org/wiki/Octave_Landuyt;DMG-A-00607;Q1607422
https://nl.wikipedia.org/wiki/Friso_Kramer;DMG-A-00624;Q2285049
https://nl.wikipedia.org/wiki/Charles_Samuel;DMG-A-00625;Q2960190
https://nl.wikipedia.org/wiki/Alo%C3%AFs_De_Beule;DMG-A-00632;Q2108485
https://nl.wikipedia.org/wiki/Charles_Le_Brun;DMG-A-00635;Q271676
https://nl.wikipedia.org/wiki/Roger_Bonduel;DMG-A-00656;Q21637189
https://nl.wikipedia.org/wiki/Sonia_Delaunay-Terk;DMG-A-00669;Q232972
https://nl.wikipedia.org/wiki/Marcel_Breuer;DMG-A-00674;Q57588
https://nl.wikipedia.org/wiki/Georges_de_Feure;DMG-A-00675;Q1921617
https://nl.wikipedia.org/wiki/Sybren_Valkema;DMG-A-00680;Q2618110
https://nl.wikipedia.org/wiki/Willy_Finch;DMG-A-00683;Q914211
https://nl.wikipedia.org/wiki/Raoul_Dufy;DMG-A-00685;Q45205
https://nl.wikipedia.org/wiki/%C3%89mile-Jacques_Ruhlmann;DMG-A-00686;Q954875
https://nl.wikipedia.org/wiki/Karel_de_Bazel;DMG-A-00696;Q1729180
https://nl.wikipedia.org/wiki/Max_Verboeket;DMG-A-00699;Q2850859
https://nl.wikipedia.org/wiki/Kristalunie_Maastricht;DMG-A-00700;Q1881793
https://nl.wikipedia.org/wiki/Cornelis_de_Lorm;DMG-A-00708;Q2360896
https://nl.wikipedia.org/wiki/Richard_Riemerschmid;DMG-A-00709;Q64104
https://nl.wikipedia.org/wiki/Chris_Lanooy;DMG-A-00711;Q2691998
https://nl.wikipedia.org/wiki/Johansfors_Glasbruk;DMG-A-00715;Q1963832
https://nl.wikipedia.org/wiki/Sabena;DMG-A-00722;Q141146
https://nl.wikipedia.org/wiki/Chris_Lebeau;DMG-A-00724;Q2710856
https://nl.wikipedia.org/wiki/Hildo_Krop;DMG-A-00734;Q3942427
https://nl.wikipedia.org/wiki/Jozef_Cantr%C3%A9;DMG-A-00746;Q2271270
https://nl.wikipedia.org/wiki/Theodoor_Colenbrander;DMG-A-00761;Q524197
https://nl.wikipedia.org/wiki/Plateelbakkerij_Ram;DMG-A-00762;Q2073589
https://nl.wikipedia.org/wiki/Dordtsche_Kunstpotterij;DMG-A-00764;Q2195030
https://nl.wikipedia.org/wiki/Willem_Coenraad_Brouwer;DMG-A-00765;Q2228769
https://nl.wikipedia.org/wiki/Henri_Breetvelt;DMG-A-00767;Q2069257
https://nl.wikipedia.org/wiki/Arnhemsche_Fayencefabriek;DMG-A-00773;Q2723431
https://nl.wikipedia.org/wiki/Driekus_Jansen_van_Galen;DMG-A-00776;Q58023118
https://nl.wikipedia.org/wiki/Regina_(aardewerkfabriek);DMG-A-00779;Q2932754
https://nl.wikipedia.org/wiki/Edmond_Bellefroid;DMG-A-00798;Q2240563
https://nl.wikipedia.org/wiki/Bert_Nienhuis;DMG-A-00799;Q2748838
https://nl.wikipedia.org/wiki/De_Porceleyne_Fles;DMG-A-00829;Q38467310
https://nl.wikipedia.org/wiki/Jean-Jules_Eggericx;DMG-A-00841;Q1829006
https://nl.wikipedia.org/wiki/Luc_Deleu;DMG-A-00843;Q3282871
https://nl.wikipedia.org/wiki/Marcello_Morandini;DMG-A-00856;Q873244
https://nl.wikipedia.org/wiki/Otto_Piene;DMG-A-00862;Q455115
https://nl.wikipedia.org/wiki/Piet_Bekaert;DMG-A-00867;Q2895936
https://nl.wikipedia.org/wiki/L%C3%A9on_Stynen;DMG-A-00872;Q12013428
https://nl.wikipedia.org/wiki/Alessi;DMG-A-00877;Q1649271
https://nl.wikipedia.org/wiki/Studio_Alchimia;DMG-A-00883;Q2011880
https://nl.wikipedia.org/wiki/Bo%C5%99ek_%C5%A0%C3%ADpek;DMG-A-00884;Q2923151
https://nl.wikipedia.org/wiki/Ludwig_Mies_van_der_Rohe;DMG-A-00891;Q41508
https://nl.wikipedia.org/wiki/Huang_Yong_Ping;DMG-A-00899;Q1057887
https://nl.wikipedia.org/wiki/Philippe_Starck;DMG-A-00906;Q316906
https://nl.wikipedia.org/wiki/Bodys_Isek_Kingelez;DMG-A-00918;Q2908459
https://nl.wikipedia.org/wiki/Heikki_Orvola;DMG-A-00926;Q139493
https://nl.wikipedia.org/wiki/Ch%C3%A9ri_Samba;DMG-A-00942;Q2617109
https://nl.wikipedia.org/wiki/Robert_Venturi;DMG-A-00957;Q212312
https://nl.wikipedia.org/wiki/Malangatana_Ngwenya;DMG-A-00958;Q384560
https://nl.wikipedia.org/wiki/Eero_Saarinen;DMG-A-00964;Q167073
https://nl.wikipedia.org/wiki/Charles_Eames;DMG-A-00970;Q170411
https://nl.wikipedia.org/wiki/Jo_Crepain;DMG-A-00974;Q662885
https://nl.wikipedia.org/wiki/Charles_Vandenhove;DMG-A-00975;Q1066309
https://nl.wikipedia.org/wiki/Jozef_Mees;DMG-A-00976;Q22236129
https://nl.wikipedia.org/wiki/F%C3%A9lix_Bracquemond;DMG-A-00980;Q633574
https://nl.wikipedia.org/wiki/Christofle;DMG-A-00983;Q877056
https://nl.wikipedia.org/wiki/Wolfers_Fr%C3%A8res;DMG-A-00985;Q2304465
https://nl.wikipedia.org/wiki/Olivetti;DMG-A-00987;Q673267
https://nl.wikipedia.org/wiki/Jaap_Gidding;DMG-A-00993;Q3001739
https://nl.wikipedia.org/wiki/Aldo_Rossi;DMG-A-00999;Q322953
https://nl.wikipedia.org/wiki/Gustavsberg_(porseleinfabriek);DMG-A-01001;Q1556819
https://nl.wikipedia.org/wiki/Oscar_Jespers;DMG-A-01004;Q2246222
https://nl.wikipedia.org/wiki/Eug%C3%A8ne-Fran%C3%A7ois_de_Block;DMG-A-01008;Q18603392
https://nl.wikipedia.org/wiki/Gaston_Eysselinck;DMG-A-01012;Q1821494
https://nl.wikipedia.org/wiki/Jan_Snoeck;DMG-A-01020;Q2695107
https://nl.wikipedia.org/wiki/Ernst_Fuchs_(kunstschilder);DMG-A-01022;Q112856
https://nl.wikipedia.org/wiki/Richard_Meier;DMG-A-01029;Q159612
https://nl.wikipedia.org/wiki/Grete_Jalk;DMG-A-01030;Q4956242
https://nl.wikipedia.org/wiki/Klein_Begijnhof_Gent;DMG-A-01032;Q2350368
https://nl.wikipedia.org/wiki/Mart_Stam;DMG-A-01033;Q708333
https://nl.wikipedia.org/wiki/Adolphe_Crespin;DMG-A-01035;Q2824800
https://nl.wikipedia.org/wiki/Herm%C3%A8s;DMG-A-01042;Q843887
https://nl.wikipedia.org/wiki/Jean_Nouvel;DMG-A-01043;Q214317
https://nl.wikipedia.org/wiki/Jasper_Morrison;DMG-A-01044;Q1374775
https://nl.wikipedia.org/wiki/Iittala;DMG-A-01052;Q1658018
https://nl.wikipedia.org/wiki/Gi%C3%B2_Ponti;DMG-A-01053;Q435810
https://nl.wikipedia.org/wiki/Jean_Prouv%C3%A9;DMG-A-01060;Q381924
https://nl.wikipedia.org/wiki/Jules_Lippens;DMG-A-01061;Q13739850
https://nl.wikipedia.org/wiki/George_Minne;DMG-A-01072;Q559281
https://nl.wikipedia.org/wiki/Aprilia_(motorfietsmerk);DMG-A-01075;Q622062
https://nl.wikipedia.org/wiki/Paul_Haesaerts;DMG-A-01077;Q2154721
https://nl.wikipedia.org/wiki/BOb_Van_Reeth;DMG-A-01078;Q2350770
https://nl.wikipedia.org/wiki/Wiener_Werkst%C3%A4tte;DMG-A-01081;Q241338
https://nl.wikipedia.org/wiki/Omer_Coppens;DMG-A-01084;Q2645104
https://nl.wikipedia.org/wiki/Peter_Behrens;DMG-A-01086;Q76726
https://nl.wikipedia.org/wiki/AEG;DMG-A-01087;Q158276
https://nl.wikipedia.org/wiki/Barbara_Nanning;DMG-A-01092;Q12013202
https://nl.wikipedia.org/wiki/Volvo_Car_Corporation;DMG-A-01093;Q215293
https://nl.wikipedia.org/wiki/Konstantin_Grcic;DMG-A-01100;Q96612
https://nl.wikipedia.org/wiki/Marc_Newson;DMG-A-01108;Q1355565
https://nl.wikipedia.org/wiki/Dieter_Rams;DMG-A-01115;Q76427
https://nl.wikipedia.org/wiki/Ann_Demeulemeester;DMG-A-01121;Q466241
https://nl.wikipedia.org/wiki/Richard_Sapper;DMG-A-01123;Q64699
https://nl.wikipedia.org/wiki/Raymond_Ruys;DMG-A-01125;Q2540540
https://nl.wikipedia.org/wiki/Otto_Wagner;DMG-A-01128;Q84287
https://nl.wikipedia.org/wiki/Axel_Enthoven;DMG-A-01133;Q2781951
https://nl.wikipedia.org/wiki/Vic_Cautereels;DMG-A-01142;Q2392272
https://nl.wikipedia.org/wiki/Bob_Daenen;DMG-A-01143;Q2008757
https://nl.wikipedia.org/wiki/Patrick_Hoet;DMG-A-01153;Q2344835
https://nl.wikipedia.org/wiki/Wilhelm_Wagenfeld;DMG-A-01174;Q77378
https://nl.wikipedia.org/wiki/Schott_AG;DMG-A-01175;Q565558
https://nl.wikipedia.org/wiki/Hans_Wegner;DMG-A-01180;Q700073
https://nl.wikipedia.org/wiki/Pol_Quadens;DMG-A-01183;Q2858116
https://nl.wikipedia.org/wiki/Canon_Inc.;DMG-A-01212;Q62621
https://nl.wikipedia.org/wiki/Glasfabriek_Leerdam;DMG-A-01213;Q2663996
https://nl.wikipedia.org/wiki/Claire_Bataille;DMG-A-01224;Q1984323
https://nl.wikipedia.org/wiki/Michel_Martens;DMG-A-01229;Q5343067
https://nl.wikipedia.org/wiki/Wendell_Castle;DMG-A-01251;Q2559029
https://nl.wikipedia.org/wiki/Charles_en_Ray_Eames;DMG-A-01253;Q14634037
https://nl.wikipedia.org/wiki/Yrj%C3%B6_Kukkapuro;DMG-A-01255;Q11903027
https://nl.wikipedia.org/wiki/Jean-Paul_Emonds-Alt;DMG-A-01262;Q3168479
https://nl.wikipedia.org/wiki/Rodolphe_Wytsman;DMG-A-01264;Q2318074
https://nl.wikipedia.org/wiki/Jozef_Horenbant;DMG-A-01265;Q5291986
https://nl.wikipedia.org/wiki/Geo_Henderick;DMG-A-01271;Q13641206
https://nl.wikipedia.org/wiki/Kipling_(merk);DMG-A-01276;Q6414641
https://nl.wikipedia.org/wiki/Libeco;DMG-A-01281;Q6540480
https://nl.wikipedia.org/wiki/Verner_Panton;DMG-A-01287;Q510955
https://nl.wikipedia.org/wiki/Christian_Kieckens;DMG-A-01288;Q55235701
https://nl.wikipedia.org/wiki/Ricardo_Bofill;DMG-A-01298;Q316413
https://nl.wikipedia.org/wiki/Piet_Stockmans;DMG-A-01301;Q2954774
https://nl.wikipedia.org/wiki/Grundig;DMG-A-01304;Q680019
https://nl.wikipedia.org/wiki/Abdij_van_Maredsous;DMG-A-01313;Q2719216
https://nl.wikipedia.org/wiki/Lucien_Kroll;DMG-A-01314;Q2439897
https://nl.wikipedia.org/wiki/Frank_Gehry;DMG-A-01315;Q180374
https://nl.wikipedia.org/wiki/James_Dyson;DMG-A-01322;Q1346101
https://nl.wikipedia.org/wiki/Stefan_Sch%C3%B6ning;DMG-A-01342;Q15734250
https://nl.wikipedia.org/wiki/Arne_Quinze;DMG-A-01352;Q1856624
https://nl.wikipedia.org/wiki/Isamu_Noguchi;DMG-A-01353;Q442628
https://nl.wikipedia.org/wiki/Henry_Van_de_Velde;DMG-A-01361;Q154083
https://nl.wikipedia.org/wiki/Will_Alsop;DMG-A-01368;Q304768
https://nl.wikipedia.org/wiki/Zaha_Hadid;DMG-A-01369;Q47780
https://nl.wikipedia.org/wiki/Toyo_Ito;DMG-A-01370;Q333585
https://nl.wikipedia.org/wiki/Dominique_Perrault;DMG-A-01371;Q504358
https://nl.wikipedia.org/wiki/Clement_Hiel;DMG-A-01387;Q28214446
https://nl.wikipedia.org/wiki/Technische_Universiteit_Delft;DMG-A-01416;Q752663
https://nl.wikipedia.org/wiki/Colnago;DMG-A-01427;Q652063
https://nl.wikipedia.org/wiki/Koninklijke_Philips;DMG-A-01440;Q170416
https://nl.wikipedia.org/wiki/Telefunken;DMG-A-01441;Q325635
https://nl.wikipedia.org/wiki/Ericsson;DMG-A-01442;Q52618
https://nl.wikipedia.org/wiki/Sinclair_Research;DMG-A-01443;Q4409
https://nl.wikipedia.org/wiki/Kinnarp;DMG-A-01444;Q1013594
https://nl.wikipedia.org/wiki/Wiel_Arets;DMG-A-01450;Q2145216
https://nl.wikipedia.org/wiki/Gustaaf_Vanaise;DMG-A-01464;Q3121341
https://nl.wikipedia.org/wiki/Alvar_Aalto;DMG-A-01465;Q82840
https://nl.wikipedia.org/wiki/Ferdinand_Barbedienne;DMG-A-01470;Q3068524
https://nl.wikipedia.org/wiki/Amphora;DMG-A-01476;Q2192180
https://nl.wikipedia.org/wiki/Joseph_Maria_Olbrich;DMG-A-01490;Q44911
https://nl.wikipedia.org/wiki/Braun_(concern);DMG-A-01504;Q631220
https://nl.wikipedia.org/wiki/Remington_Rand;DMG-A-01511;Q1372129
https://nl.wikipedia.org/wiki/Jozef_Cantr%C3%A9;DMG-A-01514;Q2271270
https://nl.wikipedia.org/wiki/Ingo_Maurer;DMG-A-01515;Q374391
https://nl.wikipedia.org/wiki/Antonio_Citterio;DMG-A-01524;Q601610
https://nl.wikipedia.org/wiki/Ruudt_Peters;DMG-A-01529;Q15638123
https://nl.wikipedia.org/wiki/Maarten_Van_Severen;DMG-A-01530;Q1409014
https://nl.wikipedia.org/wiki/Ray_Eames;DMG-A-01532;Q380404
https://nl.wikipedia.org/wiki/Richard_Hutten;DMG-A-01537;Q2263497
https://nl.wikipedia.org/wiki/Jos_de_Mey;DMG-A-01538;Q2039767
https://nl.wikipedia.org/wiki/Renaat_Braem;DMG-A-01539;Q1965216
https://nl.wikipedia.org/wiki/Bang_%26_Olufsen;DMG-A-01545;Q790020
https://nl.wikipedia.org/wiki/Gerrit_Rietveld;DMG-A-01546;Q160435
https://nl.wikipedia.org/wiki/Henry_Dreyfuss;DMG-A-01547;Q940346
https://nl.wikipedia.org/wiki/Xavier_Lust;DMG-A-01548;Q2393773
https://nl.wikipedia.org/wiki/Charlotte_Perriand;DMG-A-01550;Q446451
https://nl.wikipedia.org/wiki/Pierre_Paulin;DMG-A-01552;Q2026435
https://nl.wikipedia.org/wiki/Gijs_Bakker;DMG-A-01553;Q5560404
https://nl.wikipedia.org/wiki/Colani;DMG-A-01554;Q61130
https://nl.wikipedia.org/wiki/Tejo_Remy;DMG-A-01560;Q3517213
https://nl.wikipedia.org/wiki/Hella_Jongerius;DMG-A-01561;Q924426
https://nl.wikipedia.org/wiki/Elisabeth_De_Saedeleer;DMG-A-01564;Q43266283
https://nl.wikipedia.org/wiki/Tupperware;DMG-A-01566;Q1129117
https://nl.wikipedia.org/wiki/Blaupunkt;DMG-A-01572;Q693304
https://nl.wikipedia.org/wiki/Jacob_Jensen;DMG-A-01573;Q476012
https://nl.wikipedia.org/wiki/Eero_Aarnio;DMG-A-01579;Q707025
https://nl.wikipedia.org/wiki/Charles_en_Ray_Eames;DMG-A-01601;Q14634037
https://nl.wikipedia.org/wiki/Roger_Somville;DMG-A-01607;Q3439464
https://nl.wikipedia.org/wiki/Krups;DMG-A-01608;Q1790254
https://nl.wikipedia.org/wiki/Siemens_AG;DMG-A-01611;Q81230
https://nl.wikipedia.org/wiki/IKEA;DMG-A-01616;Q54078
https://nl.wikipedia.org/wiki/Peter_Struycken;DMG-A-01640;Q2706817
https://nl.wikipedia.org/wiki/Delheid_Fr%C3%A8res;DMG-A-01647;Q2780365
https://nl.wikipedia.org/wiki/C%C3%A9line_Dangotte;DMG-A-01659;Q47514867
https://nl.wikipedia.org/wiki/Marimekko;DMG-A-01674;Q534903
https://nl.wikipedia.org/wiki/Apple_Inc.;DMG-A-01680;Q312
https://nl.wikipedia.org/wiki/Hewlett-Packard;DMG-A-01681;Q80978
https://nl.wikipedia.org/wiki/Christian_Dior;DMG-A-01690;Q159694
https://nl.wikipedia.org/wiki/Electrolux_(firma);DMG-A-01691;Q505922
https://nl.wikipedia.org/wiki/Electrolux_(firma);DMG-A-01692;Q505922
https://nl.wikipedia.org/wiki/Tord_Boontje;DMG-A-01706;Q1432402
https://nl.wikipedia.org/wiki/Michel_Seuphor;DMG-A-01713;Q548860
https://nl.wikipedia.org/wiki/W%C3%A4rtsil%C3%A4;DMG-A-01741;Q327429
https://nl.wikipedia.org/wiki/Artifort;DMG-A-01757;Q28758291
https://nl.wikipedia.org/wiki/IBM;DMG-A-01766;Q37156
https://nl.wikipedia.org/wiki/Van_Den_Berghe_-_Pauvers;DMG-A-01775;Q4026750
https://nl.wikipedia.org/wiki/Wedgwood;DMG-A-01776;Q595544
https://nl.wikipedia.org/wiki/Koninklijke_Van_Kempen_%26_Begeer;DMG-A-01779;Q13745166
https://nl.wikipedia.org/wiki/Ed_Annink;DMG-A-01780;Q15874769
https://nl.wikipedia.org/wiki/Piet_Hein_Eek;DMG-A-01781;Q2368598
https://nl.wikipedia.org/wiki/Plateelbakkerij_Zuid-Holland;DMG-A-01787;Q2189769
https://nl.wikipedia.org/wiki/Regina_(aardewerkfabriek);DMG-A-01788;Q2932754
https://nl.wikipedia.org/wiki/Eerste_Steenwijker_Kunst_Aardewerk_Fabriek;DMG-A-01789;Q2018183
https://nl.wikipedia.org/wiki/Koninklijke_Sphinx;DMG-A-01790;Q2738000
https://nl.wikipedia.org/wiki/Roberto_Matta;DMG-A-01794;Q450236
https://nl.wikipedia.org/wiki/Maarten_Baas;DMG-A-01800;Q2021873
https://nl.wikipedia.org/wiki/Javier_Mariscal;DMG-A-01804;Q738017
https://nl.wikipedia.org/wiki/Hendrik_Petrus_Berlage;DMG-A-01810;Q318816
https://nl.wikipedia.org/wiki/Max_Bill;DMG-A-01811;Q123454
https://nl.wikipedia.org/wiki/Michael_Thonet;DMG-A-01815;Q60229
https://nl.wikipedia.org/wiki/Siegfried_Bing;DMG-A-01828;Q66112
https://nl.wikipedia.org/wiki/Koninklijke_Sphinx;DMG-A-01829;Q2738000
https://nl.wikipedia.org/wiki/Soci%C3%A9t%C3%A9_C%C3%A9ramique;DMG-A-01830;Q2611341
https://nl.wikipedia.org/wiki/Th%C3%A9o_van_Rysselberghe;DMG-A-01831;Q671883
https://nl.wikipedia.org/wiki/Oiva_Toikka;DMG-A-01836;Q11885212
https://nl.wikipedia.org/wiki/Rem_Koolhaas;DMG-A-01845;Q232364
https://nl.wikipedia.org/wiki/Alain_Berteau;DMG-A-01847;Q1855386
https://nl.wikipedia.org/wiki/Pastoe;DMG-A-01850;Q2180083
https://nl.wikipedia.org/wiki/Koninklijke_Tichelaar_Makkum;DMG-A-01866;Q2505653
https://nl.wikipedia.org/wiki/Milan_Kunc;DMG-A-01868;Q329041
https://nl.wikipedia.org/wiki/Schmidt_Spiel_%26_Freizeit_GmbH;DMG-A-01872;Q882160
https://nl.wikipedia.org/wiki/Kris_Burm;DMG-A-01874;Q967718
https://nl.wikipedia.org/wiki/Panasonic;DMG-A-01884;Q833266
https://nl.wikipedia.org/wiki/Alcatel;DMG-A-01886;Q885235
https://nl.wikipedia.org/wiki/Casio;DMG-A-01890;Q217338
https://nl.wikipedia.org/wiki/%27t_Binnenhuis;DMG-A-01942;Q2745889
https://nl.wikipedia.org/wiki/Paul_Ibou;DMG-A-01984;Q21395953
https://nl.wikipedia.org/wiki/Jan_Cockx;DMG-A-02008;Q2775713
https://nl.wikipedia.org/wiki/Pierre_Cardin;DMG-A-02009;Q299211
https://nl.wikipedia.org/wiki/Sint-Lucasschool_(Gent);DMG-A-02067;Q2398624
https://nl.wikipedia.org/wiki/Royal_Boch;DMG-A-02069;Q2742271
https://nl.wikipedia.org/wiki/Ramon_Casas_i_Carb%C3%B3;DMG-A-02086;Q725681
https://nl.wikipedia.org/wiki/Pieter_Leemans;DMG-A-02097;Q371277
https://nl.wikipedia.org/wiki/Peter_De_Greef_(kunstenaar);DMG-A-02098;Q2189149
https://nl.wikipedia.org/wiki/Bourdon_(edelsmederij);DMG-A-02106;Q2238906
https://nl.wikipedia.org/wiki/Eastman_Kodak;DMG-A-02118;Q486269
https://nl.wikipedia.org/wiki/Iomega;DMG-A-02124;Q1327887
https://nl.wikipedia.org/wiki/Yngve_Ekstr%C3%B6m;DMG-A-02132;Q1490509
https://nl.wikipedia.org/wiki/Fran%C3%A7ois-Joseph_Halkett;DMG-A-02134;Q2382453
https://nl.wikipedia.org/wiki/Scheurich;DMG-A-02151;Q2794077
https://nl.wikipedia.org/wiki/Cl%C3%A9ment_Behn;DMG-A-02153;Q14625897
https://nl.wikipedia.org/wiki/Jules_Renkin;DMG-A-02154;Q14995
https://nl.wikipedia.org/wiki/Hansgrohe;DMG-A-02160;Q741499
https://nl.wikipedia.org/wiki/%27t_Binnenhuis;DMG-A-02161;Q2745889
https://nl.wikipedia.org/wiki/Pander;DMG-A-02162;Q2039997
https://nl.wikipedia.org/wiki/TNT_Express;DMG-A-02163;Q1105744
https://nl.wikipedia.org/wiki/Val-Saint-Lambert;DMG-A-02194;Q3086573
https://nl.wikipedia.org/wiki/General_Motors;DMG-A-02197;Q81965
https://nl.wikipedia.org/wiki/Frank_Lloyd_Wright;DMG-A-02199;Q5604
https://nl.wikipedia.org/wiki/Geert_Lap;DMG-A-02202;Q5554790
https://nl.wikipedia.org/wiki/Bruno_Ninaber_van_Eyben;DMG-A-02203;Q1752934
https://nl.wikipedia.org/wiki/Gabriel_Van_Dievoet;DMG-A-02212;Q115711
https://nl.wikipedia.org/wiki/Kortrijkse_Kunstwerkstede_Gebroeders_De_Coene;DMG-A-02219;Q42912678
https://nl.wikipedia.org/wiki/Nationaal_Glasmuseum;DMG-A-02222;Q2144884
https://nl.wikipedia.org/wiki/Rutger_Langaskens;DMG-A-02227;Q14291967
https://nl.wikipedia.org/wiki/Paul_Hamesse;DMG-A-02228;Q3371423
https://nl.wikipedia.org/wiki/Sony;DMG-A-02230;Q41187
https://nl.wikipedia.org/wiki/Louis_Herman_De_Koninck;DMG-A-02259;Q1267215
https://nl.wikipedia.org/wiki/Expo_58;DMG-A-02281;Q74035
https://nl.wikipedia.org/wiki/Lambertus_Zijl;DMG-A-02304;Q2669966
https://nl.wikipedia.org/wiki/Bernard_Heesen;DMG-A-02329;Q2409876
https://nl.wikipedia.org/wiki/Ovuca;DMG-A-02350;Q32244
https://nl.wikipedia.org/wiki/Aino_Aalto;DMG-A-02351;Q273511
https://nl.wikipedia.org/wiki/Piet_Raemdonck;DMG-A-02364;Q50226944
https://nl.wikipedia.org/wiki/Lars_Spuybroek;DMG-A-02378;Q2655644
https://nl.wikipedia.org/wiki/Winy_Maas;DMG-A-02384;Q1356269
https://nl.wikipedia.org/wiki/Fossil_(onderneming);DMG-A-02385;Q356212
https://nl.wikipedia.org/wiki/Wieki_Somers;DMG-A-02415;Q2394589
https://nl.wikipedia.org/wiki/Piper-Heidsieck;DMG-A-02430;Q1780019
https://nl.wikipedia.org/wiki/Louis_Kalff;DMG-A-02455;Q2437951
https://nl.wikipedia.org/wiki/Dale_Chihuly;DMG-A-02480;Q613380
https://nl.wikipedia.org/wiki/Ad_Visser_(presentator);DMG-A-02483;Q595279
https://nl.wikipedia.org/wiki/Salvador_Dal%C3%AD;DMG-A-02484;Q5577
https://nl.wikipedia.org/wiki/Benno_Premsela;DMG-A-02500;Q2870056
https://nl.wikipedia.org/wiki/De_Lijn_(vervoermaatschappij);DMG-A-02502;Q614819
https://nl.wikipedia.org/wiki/Willem_Heesen;DMG-A-02506;Q1920364
https://nl.wikipedia.org/wiki/Philippe_Neerman;DMG-A-02555;Q2320099
https://nl.wikipedia.org/wiki/Alo%C3%AFs_De_Laet;DMG-A-02565;Q3260427
https://nl.wikipedia.org/wiki/Lucien_De_Roeck;DMG-A-02569;Q19952292
https://nl.wikipedia.org/wiki/Jacques_Richez;DMG-A-02571;Q2282871
https://nl.wikipedia.org/wiki/Bpost;DMG-A-02572;Q740553
https://nl.wikipedia.org/wiki/Biennale_Interieur;DMG-A-02575;Q3072535
https://nl.wikipedia.org/wiki/Lannoo_(uitgeverij);DMG-A-02578;Q1032732
https://nl.wikipedia.org/wiki/Gabrielle_Canivet;DMG-A-02585;Q28927490
https://nl.wikipedia.org/wiki/Maurice_Wyckaert;DMG-A-02591;Q2317563
https://nl.wikipedia.org/wiki/Luc_Peire;DMG-A-02597;Q2698552
https://nl.wikipedia.org/wiki/Hirsch_%26_Cie;DMG-A-02621;Q1620330
https://nl.wikipedia.org/wiki/Koninklijk_Instituut_voor_het_Kunstpatrimonium;DMG-A-02630;Q2235462
https://nl.wikipedia.org/wiki/Paul_De_Meyer;DMG-A-02631;Q52224463
https://nl.wikipedia.org/wiki/Norman_Foster_(architect);DMG-A-02632;Q104898
https://nl.wikipedia.org/wiki/Belgische_Werkliedenpartij;DMG-A-02638;Q1811565
https://nl.wikipedia.org/wiki/Willem_Geefs;DMG-A-02646;Q3090303
https://nl.wikipedia.org/wiki/Schott_AG;DMG-A-02655;Q565558
https://nl.wikipedia.org/wiki/Harry_Elstr%C3%B8m;DMG-A-02656;Q2275331
https://nl.wikipedia.org/wiki/Eric_Klarenbeek;DMG-A-02667;Q15874978
https://nl.wikipedia.org/wiki/51N4E;DMG-A-02682;Q4378642
https://nl.wikipedia.org/wiki/Seiko_Epson;DMG-A-02690;Q159614
https://nl.wikipedia.org/wiki/Miele;DMG-A-02691;Q695230
https://nl.wikipedia.org/wiki/Kees_van_Dongen;DMG-A-02693;Q170345
https://nl.wikipedia.org/wiki/Muller_Van_Severen;DMG-A-02717;Q55236250
https://nl.wikipedia.org/wiki/Charles_De_Coster;DMG-A-02722;Q315176
https://nl.wikipedia.org/wiki/Upsala_Ekeby_AB;DMG-A-02726;Q1615108
https://nl.wikipedia.org/wiki/Manufacture_Belge_de_Lampes_Electriques;DMG-A-02735;Q1843743
https://nl.wikipedia.org/wiki/Dick_Loef;DMG-A-02737;Q2426252
https://nl.wikipedia.org/wiki/Henri_Meunier;DMG-A-02748;Q2679383
https://nl.wikipedia.org/wiki/Fernand_Khnopff;DMG-A-02750;Q559559
https://nl.wikipedia.org/wiki/Marcel-Louis_Baugniet;DMG-A-02751;Q1855119
https://nl.wikipedia.org/wiki/Frits_Van_den_Berghe;DMG-A-02753;Q181503
https://nl.wikipedia.org/wiki/Louis_Buisseret;DMG-A-02762;Q2205928
https://nl.wikipedia.org/wiki/Eduard_Pellens;DMG-A-02767;Q2497197
https://nl.wikipedia.org/wiki/Anto_Carte;DMG-A-02768;Q2853424
https://nl.wikipedia.org/wiki/Henri-Val%C3%A9ry_Vander_Poorten;DMG-A-02777;Q2101680
https://nl.wikipedia.org/wiki/Richard_Acke;DMG-A-02778;Q11009945
https://nl.wikipedia.org/wiki/Charles_Doudelet;DMG-A-02781;Q2282495
https://nl.wikipedia.org/wiki/Gustave_Van_de_Woestyne;DMG-A-02782;Q2519247
https://nl.wikipedia.org/wiki/Gisbert_Combaz;DMG-A-02783;Q2097997
https://nl.wikipedia.org/wiki/Frans_Masereel;DMG-A-02784;Q559297
https://nl.wikipedia.org/wiki/F%C3%A9lix_Labisse;DMG-A-02789;Q2012984
https://nl.wikipedia.org/wiki/Privat-Livemont;DMG-A-02790;Q2602763
https://nl.wikipedia.org/wiki/Jan-Frans_Cantr%C3%A9;DMG-A-02800;Q2514399
https://nl.wikipedia.org/wiki/Jules_Fonteyne;DMG-A-02810;Q2294203
https://nl.wikipedia.org/wiki/Floris_Jespers;DMG-A-02815;Q3074339
https://nl.wikipedia.org/wiki/Paul_Joostens;DMG-A-02816;Q2030691
https://nl.wikipedia.org/wiki/%C3%89cole_nationale_sup%C3%A9rieure_des_arts_visuels;DMG-A-02818;Q2324410
https://nl.wikipedia.org/wiki/Victor_Van_Meerbeeck;DMG-A-02820;Q2317564
https://nl.wikipedia.org/wiki/Ren%C3%A9_De_Pauw;DMG-A-02827;Q1859478
https://nl.wikipedia.org/wiki/Jules_De_Praetere;DMG-A-02830;Q1713083
https://nl.wikipedia.org/wiki/Armand_Rassenfosse;DMG-A-02832;Q506019
https://nl.wikipedia.org/wiki/Jos_De_Swerts;DMG-A-02841;Q2465723
https://nl.wikipedia.org/wiki/Herman_Teirlinck_(schrijver);DMG-A-02843;Q924740
https://nl.wikipedia.org/wiki/Albert_Saverys;DMG-A-02845;Q2295945
https://nl.wikipedia.org/wiki/Felix_Timmermans;DMG-A-02846;Q713284
https://nl.wikipedia.org/wiki/Prosper_De_Troyer;DMG-A-02847;Q3498572
https://nl.wikipedia.org/wiki/Edgard_Tytgat;DMG-A-02848;Q366851
https://nl.wikipedia.org/wiki/Ren%C3%A9_Magritte;DMG-A-02854;Q7836
https://nl.wikipedia.org/wiki/L%C3%A9on_De_Smet;DMG-A-02865;Q2270603
https://nl.wikipedia.org/wiki/Luc_De_Blok;DMG-A-02871;Q2236386
https://nl.wikipedia.org/wiki/Wim_Harzing;DMG-A-02885;Q1892602
https://nl.wikipedia.org/wiki/Patrick_Jouin;DMG-A-02895;Q3369553
https://nl.wikipedia.org/wiki/Otto_van_Tussenbroek;DMG-A-02904;Q2778600
https://nl.wikipedia.org/wiki/Bosch_(bedrijf);DMG-A-02946;Q234021
https://nl.wikipedia.org/wiki/Metz_%26_Co;DMG-A-02954;Q4994191
https://nl.wikipedia.org/wiki/Willy_Meysmans;DMG-A-02960;Q15813590
https://nl.wikipedia.org/wiki/Willy_Kreitz;DMG-A-02961;Q2228306
https://nl.wikipedia.org/wiki/Aldo_Bakker;DMG-A-02978;Q19280589
https://nl.wikipedia.org/wiki/Institut_Sup%C3%A9rieur_de_Peinture_Van_Der_Kelen_-_Logelain;DMG-A-02998;Q60469232
https://nl.wikipedia.org/wiki/Barco_(bedrijf);DMG-A-03003;Q807964
https://nl.wikipedia.org/wiki/Frans_Cuyck_van_Myerop;DMG-A-03004;Q12055782
https://nl.wikipedia.org/wiki/Royal_Copenhagen;DMG-A-03005;Q1440151
https://nl.wikipedia.org/wiki/Max_Burchartz;DMG-A-03009;Q471444
https://nl.wikipedia.org/wiki/Wim_Goes;DMG-A-03069;Q2303365
https://nl.wikipedia.org/wiki/Lijm-_en_Gelatinefabriek;DMG-A-03086;Q2662650
https://nl.wikipedia.org/wiki/Le_Creuset;DMG-A-03104;Q555861
https://nl.wikipedia.org/wiki/VDL_Bus_Valkenswaard;DMG-A-03126;Q1724409
https://nl.wikipedia.org/wiki/Bombardier;DMG-A-03128;Q333498
https://nl.wikipedia.org/wiki/LG_Electronics;DMG-A-03134;Q162345
https://nl.wikipedia.org/wiki/Georges_Buysse;DMG-A-03144;Q2247930
https://nl.wikipedia.org/wiki/Koninklijke_Mosa;DMG-A-03151;Q2250620
https://nl.wikipedia.org/wiki/Lina_Bo_Bardi;DMG-A-03160;Q272400
https://nl.wikipedia.org/wiki/Eva_Zeisel;DMG-A-03173;Q216141
